,1: Dataran Merdeka,2: Bangunan Sultan Abdul Samad,3: Muzium Tekstil Negara,4: Muzium Negara,5: Kuala Lumpur City Gallery,6: Muzium Telekom,7: Muzium Kesenian Islam Malaysia,8: KL Bird Park,9: Bangunan Zhongshan,10: Memorial Tun P. Ramlee,11: Memorial Lim Lian Geok,12: Butterfly Park,13: Menara Berkembar Petronas,14: Menara Kuala Lumpur,15: Pintasan Saloma,16: Sky Deck KL Tower,17: Merdeka 118,18: National Monument,19: Royal Selangor Visitor Centre,20: Central Market,21: Laluan Kasturi,22: Pavilion Kuala Lumpur,23: Suria KLCC,24: Food Court Lot 10,25: Berjaya Times Square,26: Plaza Pudu,27: Kompleks ICC Pudu,28: Fahrenheit 88,29: Dong Teh Mun Food Court,30: Taman Eko Rimba Kuala Lumpur,31: Taman Tasik Titiwangsa,32: The Starhill,33: Queen Victoria's Fountain,34: National Mosque of Malaysia,35: Sri Maha Mariamman Temple,36: Sin Sze Si Ya Temple,37: St Mary's Cathedral,38: Buddha Jayanti Temple,39: Jalan Alor Street Art,40: Jalan Petaling,41: KL Pudu Wai Sek Kai ,42: Kwai Chai Hong,43: Tapak Urban Street Dining Stadium KL,44: Aquaria KLCC,45: Petrosains,46: Planetarium Negara,47: Berjaya Times Square Theme Park,48: Perdana Botanical Gardens,49: Ilham Gallery,50: Batu Caves
1: Dataran Merdeka,0.0,1.5689557650093806,4.535259340864688,22.744012234280437,3.541655365010203,8.361214003976418,17.1673551790827,21.766850005538423,20.274440244173316,71.8567034050737,21.446023102862426,14.49197948848223,30.44732722183564,19.81050247168828,31.59370949657088,34.27930272340892,15.816254264445588,17.490194816108207,91.38489520027198,5.511795223062494,6.515576737473776,27.22381082369855,32.27946892884589,28.057136848667863,26.15756132142813,38.35740668496195,37.8874647493813,28.641539024374744,10.978843237881112,16.346295465701658,46.73603838936843,30.255310346033877,2.7796275503357997,13.01799019501573,8.985824228094785,7.904873730053798,2.072091032267192,46.37109552236695,23.417226127277765,8.54226976439848,37.262360984101235,13.909711759032566,88.9148087069848,31.618955343118223,31.45121244508271,21.347005530650787,27.62244820127016,25.3854982181794,40.098887147578864,118.8814214045747
2: Bangunan Sultan Abdul Samad,1.5689557650093806,0.0,3.3497886857605272,21.75607722063288,3.2632541144091403,8.949025093131935,16.220844367569665,21.769783237612423,19.127409325877522,73.42565917008308,20.29899218456663,13.530054431274126,31.03513831099116,20.398313560843796,32.1815205857264,34.86711381256444,14.669223346149796,19.059150581117585,91.97270628942749,4.364764304766701,5.3685458191779825,27.811621912854065,32.86728001800141,28.367034936253635,25.902096439767817,37.41315111206569,37.63199986772099,28.951437111960516,9.83181231958532,16.934106554857173,48.30499415437781,30.843121435189396,3.3505874677812506,12.0714793835027,7.838793309798991,6.757842811758003,3.641046797276572,45.42683994947068,24.005037216433283,7.395238846102687,36.31810541120496,12.762680840736778,87.767777788689,32.20676643227374,32.03902353423822,20.400494719137754,27.366983319609847,24.438987406666364,40.68669823673439,120.45037716958407
3: Muzium Tekstil Negara,4.535259340864688,3.3497886857605272,0.0,18.406288534872353,1.8488721520162452,9.110330880439992,12.885804626449541,18.434743496492295,17.769083222216956,76.3919627459384,19.007494497678586,10.195014690154002,32.8591146408642,20.208841097183843,34.45938624148717,34.67764134890448,14.103714400054539,21.74439384823032,94.25057194518824,3.647147651053326,4.874844179998382,27.622149449194108,34.3101997477767,28.13666250305267,25.67172400656685,36.90411738603768,37.40162743452002,28.72106467875955,9.535104340712884,19.21197221061793,51.27129773023311,30.65364897152944,1.9362055053883553,8.736439642382578,6.125700058990158,6.264141172578403,6.449506860166902,44.91780622344268,23.815564752773327,7.164866412901716,35.80907168517696,10.929585885459481,86.78360232129893,32.017293968613785,31.849551070578265,17.06545497801763,27.13661088640888,21.103947665546237,42.96456389249514,123.41668074543941
4: Muzium Negara,22.74401223428044,21.756077220632886,18.406288534872356,0.0,20.057625045431994,26.394529673838672,8.724731129690712,10.47860865889027,21.343035920040467,94.60071563935409,22.767651312832818,18.207603947499337,50.07796586873953,37.427692325059155,52.84546572621169,51.896492576779806,24.115235307114357,24.12329906331564,112.63665142991283,20.363175042810003,19.755652598384888,44.84100067706943,51.52905097565202,42.54804582254075,38.800822870752846,44.67340315597299,45.210455130417735,43.132447998247635,21.251881993276044,37.59805169534246,69.48005062364885,47.87250019940476,20.144958398804107,13.075736220518788,18.57469774136712,19.87216227715309,24.38367227315073,51.16332701668563,38.84767903980787,20.65030745402418,43.480170915899414,18.970713456012383,90.54375913645318,49.23614519648911,49.068402298453584,5.2088414755484775,39.701161631122154,10.701833718521707,60.68523144833538,141.62543363885518
5: Kuala Lumpur City Gallery,3.5416553650102025,3.263254114409141,1.8488721520162452,20.05762504543199,0.0,9.068284649603012,14.480967990234253,20.04532110597208,18.854990661839572,75.39835877008389,20.026573520528682,11.805592299633783,32.817068410027225,20.166794866346862,34.417340010650186,34.635595118067506,14.396804682111846,19.89552169621407,94.20852571435128,3.6112905674791773,4.838987096424233,27.58010321835713,34.26815351693972,28.094616272215685,25.629677775729867,37.140732448027734,37.35958120368304,28.679018447922566,9.55939365554737,19.16992597978095,50.277693754378625,30.61160274069246,0.9426015295338698,10.33160300616729,7.309234587045242,6.228284089004254,4.600634708150655,45.15442128543273,23.773518521936346,7.122820182064737,36.04568674716701,12.359757510709036,87.49535912465106,31.975247737776808,31.807504839741288,18.66061834180234,27.094564655571897,22.69911102933095,42.92251766165816,122.42307676958492
6: Muzium Telekom,8.361214003976418,8.949025093131937,9.110330880439992,26.394529673838676,9.068284649603012,0.0,21.996135506889534,27.545074376932288,18.782791459893776,72.98344874472772,19.954374318582886,19.305345570593992,24.16511823615071,11.514844692470362,27.58296486633562,25.98364494419101,11.907940731766873,25.851408820084625,87.37415057003673,7.225553734583469,6.7773595728053255,18.92815304448063,25.6162033430632,19.814441470837814,21.451284806158753,33.23486874816764,32.6978167737229,20.398843646544705,9.543914901874446,12.318536797295106,47.862783729022446,21.95965256681595,9.15561800297512,17.846770522822563,8.26210190154009,6.522367396685586,10.43330503624361,41.9895290696183,15.174530749447735,7.1073414283918135,32.88079453135258,12.474783423025904,87.42315992270525,23.323297563900304,23.155554665864774,26.17578585845762,22.916171686000784,30.21427854598623,34.77238381574653,121.74846206116693
7: Muzium Kesenian Islam Malaysia,17.167355179082698,16.220844367569665,12.885804626449545,8.72473112969071,14.480967990234253,21.99613550688954,0.0,8.39644158207663,21.595623441555535,89.02405858415634,22.83403471701717,13.90757805772718,45.74491926731376,33.0946457236334,47.345190867936715,47.56344597535404,22.174974117339875,22.041131986502002,107.13637657163777,15.49358911416625,16.764461039831637,40.507954075643674,47.19600437422626,40.607784632766275,37.60337374785481,44.739786560157334,45.27683853460208,41.19218680847315,19.31162080350156,32.097776837067485,63.90339356845112,43.539453597979005,14.568301343606365,5.77051107515233,16.634436551592643,17.653671791217203,18.807015217952987,51.229710420869964,36.701369379222875,18.7100462642497,43.54655432008376,19.000845602744814,90.6101425406375,44.90309859506335,44.73535569702783,4.581173954179464,38.699771880034646,8.619666641708069,55.85036851894467,136.04877658365746
8: KL Bird Park,21.76685000553842,21.769783237612415,18.434743496492292,10.478608658890268,20.045321105972075,27.545074376932284,8.396441582076633,0.0,28.86904240630829,90.778077777089,30.107453681769915,8.524536521628438,51.293858137356516,38.643584593676145,51.722312785143835,53.1123848453968,28.730141808569584,14.440231637444743,111.58366868106151,22.081891147545623,23.30958767649068,46.056892945686414,52.744943244268995,46.57140599954498,44.106467503059164,51.53054479455274,52.06759676899748,47.15580817525186,25.86678849473128,37.37331436129267,65.65741276138377,49.088392468021745,20.132654459344185,13.76542905461758,23.189604242822355,24.331050665102154,19.711478727374146,58.50312938562271,42.25030824926562,25.26521395547941,50.43549909369199,25.55601329397453,97.88356150539026,50.452037465106095,50.28429456707057,8.677386481510066,45.25493957126435,4.728886164066674,60.83283651731804,137.0077425038423
9: Bangunan Zhongshan,20.274440244173324,19.127409325877526,17.76908322221695,21.34303592004045,18.854990661839576,18.782791459893787,21.595623441555535,28.86904240630829,0.0,89.94030746661413,7.069554281863053,20.629313599969993,40.73462434031633,27.916149154538385,45.758970289522686,42.326883041391774,10.863419753651769,32.26134849051268,104.27210221809041,15.829822130033799,14.505882567898054,34.755836352376356,42.185709447228824,29.58192620783574,23.905293906725735,28.975306125003222,29.512358099447965,30.918775892564046,9.295597006292208,30.50461263448805,64.8196424509089,36.51257262545887,18.94232401521169,17.44625845748856,12.69519992614657,13.243479115492661,22.346531276440516,35.46522998571586,29.064444303500782,11.732170479774842,27.782073884929645,7.305935180831613,74.84566210548338,39.66653566110107,39.725060770030396,24.930603183661795,24.491590924732918,29.81376648065223,51.34188991991215,137.4187937579607
10: Memorial Tun P. Ramlee,71.85670340507366,73.42565917008304,76.39196274593834,94.6007156393541,75.39835877008387,72.98344874472774,89.02405858415635,90.778077777089,89.94030746661417,0.0,91.11189032530326,86.34868289355589,71.67662033025961,80.11936351736482,63.539819765347374,82.46972717440026,83.710755711619,85.72117599577103,28.66209678921968,76.3932896744973,76.71230011134833,80.68611926267191,72.83305931288626,84.15073868998272,91.11639158179544,97.89579380646802,97.35874183202328,83.19645550810084,80.64471046032197,68.28268469395137,31.050952375325696,83.71761878500723,74.63633095540948,84.87469360008939,79.18254760196933,77.59532909899328,72.52522997591089,110.16481150405293,83.91596521959413,78.20813698683934,103.5825491964911,83.57557898147344,158.5806759294257,79.06077362413991,72.76264405616936,93.20370893572442,90.78902528244434,94.71142270813628,69.99550666213024,71.80776902804875
11: Memorial Lim Lian Geok,21.446023102862434,20.29899218456664,19.007494497678586,22.76765131283281,20.026573520528686,19.954374318582897,22.83403471701717,30.107453681769915,7.069554281863051,91.11189032530326,0.0,21.867724875431627,40.97101534217294,29.087732013227495,46.81101444503646,35.82951572404403,11.71674056208091,33.499759765974304,105.05733403588164,17.001404988722907,15.677465426587165,28.20198941304193,41.29350705442777,23.0280792685013,17.3514469673913,21.905751843140155,22.442803817584903,24.364928953229622,10.467179864981317,31.676195493177165,65.99122530959802,29.958725686124446,20.1139068739008,18.684669732950198,13.86678278483568,14.415061974181773,23.518114135129625,28.39567570385279,22.580500886737166,12.903753338463948,20.71251960306659,8.47751803952072,67.77610782362032,33.53425857523026,39.68408645676437,26.355218576454156,17.422036642869877,31.052177756113863,47.37008723252509,138.59037661664982
12: Butterfly Park,14.49197948848223,13.530054431274126,10.195014690154004,18.207603947499337,11.805592299633787,19.305345570593992,13.907578057727175,8.524536521628436,20.629313599969993,86.34868289355589,21.867724875431627,0.0,43.05412933101821,30.403855787337847,44.65440093164117,44.87265603905849,20.4904130022313,11.916842605832828,104.4455866353422,13.842162341207333,15.06985887015239,37.817164139348115,44.505214437930704,38.33167719320669,35.86673869672087,43.29081598821444,43.827867962659184,38.916079368913564,17.627059688392986,29.406986900771937,61.22801787785062,40.848663661683446,11.892925653005895,10.819289536296276,14.949875436484065,16.091321858763866,16.249867171319014,50.26340057928443,34.01057944292733,17.025485149141122,42.19577028735372,17.31628448763624,89.64383269905196,42.21230865876779,42.04456576073227,16.406381770119125,37.01521076492607,12.457881452675739,53.15957858264915,133.37340089305698
13: Menara Berkembar Petronas,30.447327221835653,31.035138310991165,32.8591146408642,50.0779658687395,32.81706841002722,24.16511823615071,45.74491926731374,51.29385813735648,40.734624340316316,71.67662033025965,40.97101534217296,43.0541293310182,0.0,19.260820071515372,8.136800564912232,13.316215578869437,32.01478266883936,46.702832261051505,66.30383624250528,30.974337495007678,30.52614333322954,14.044068514119388,2.05056350108637,19.451688627718738,26.591581319634304,33.37098354430681,32.83393156986207,17.46202708406806,32.38283798810933,15.701341038696134,42.10548479258858,16.0560805078322,32.83662998947529,41.595554283246784,31.94553809644092,30.205803591586417,32.01445685115752,44.589258875839526,19.96321793850403,30.024422384318303,39.057738934329876,34.880561828782184,94.94690641016717,8.757127562500372,2.354179466451572,49.92456961888182,26.26421502028318,53.963062306410436,10.76563438886466,121.95973207628643
14: Menara Kuala Lumpur,19.81050247168828,20.3983135608438,20.208841097183846,37.42769232505915,20.166794866346862,11.514844692470362,33.09464572363339,38.64358459367613,27.91614915453839,80.11936351736476,29.087732013227495,30.403855787337847,19.26082007151537,0.0,24.28516602072174,22.833519886064476,19.23006583830666,37.3006972877965,82.79829794928953,18.32406395132732,17.875869789549174,15.778027986354092,20.711905178427866,18.79883649916989,24.80016482966394,32.44090916708709,31.903857192642345,18.108605506050523,19.56436280233142,16.397943157501714,51.785694914820354,18.80952750868941,20.254128219718975,28.945280739566424,19.295264552760575,17.555530047906068,21.882593503955473,44.709926864672,16.38240175794087,17.20594719854039,38.12766455711016,22.062086643004257,94.913458400898,19.09249453372116,18.25125650122943,37.27429607520147,25.334140643063456,41.31278876273008,29.868085651111187,128.9758164589743
15: Pintasan Saloma,31.593709496570888,32.1815205857264,34.45938624148715,52.8454657262117,34.41734001065018,27.582964866335622,47.3451908679367,51.72231278514383,45.758970289522686,63.539819765347374,46.81101444503648,44.65440093164116,8.136800564912233,24.285166020721732,0.0,20.184860403239856,37.03912861804572,47.11478877933587,64.06088561202864,32.83744553646323,33.08981312782681,19.884067616982904,9.881780797845678,25.291687730582264,32.43158042249783,39.210982647170326,38.67393067272558,23.302026186931574,36.46431268286175,16.847723313431363,33.96868422767635,21.896079610695715,33.98301226421053,43.19582588386974,35.15466582638756,33.414931321533054,32.42641336944188,50.42925797870304,25.80321704136755,34.02773920937913,44.89773803719339,39.39518120401322,100.78690551303073,15.520953858792547,9.222824290821988,51.52484121950477,32.10421412314671,55.56333390703338,17.45270771472669,113.82293151137418
16: Sky Deck KL Tower,34.27930272340892,34.86711381256443,34.67764134890448,51.89649257677979,34.635595118067506,25.983644944191,47.56344597535403,53.11238484539676,42.326883041391795,82.46972717440023,35.829515724044036,44.87265603905849,13.316215578869436,22.833519886064465,20.184860403239856,0.0,33.052567480156604,51.76949753951712,75.4555812197456,32.79286420304796,32.34467004126983,8.296420907319316,12.474544403583655,14.159461626360534,21.41918621249038,28.198588437162893,27.66153646271815,11.714379477267983,33.9750966891848,22.933611611684974,52.083478932648795,10.075899969205352,34.722928471439616,43.414080991287065,33.76406480448121,32.024330299626705,36.351393755676106,36.62151423204001,15.186808551852044,31.616681085393775,33.88534382718596,36.47282052985766,85.62414178318463,5.136843290656662,10.962036112417863,51.7430963269221,21.09181991313927,55.78158901445072,14.582830700946799,133.70496200673637
17: Merdeka 118,15.816254264445588,14.66922334614979,14.103714400054539,24.11523530711434,14.396804682111844,11.907940731766868,22.17497411733986,28.730141808569577,10.863419753651769,83.71075571161899,11.71674056208091,20.490413002231282,32.01478266883939,19.23006583830666,37.03912861804575,33.05256748015661,0.0,32.12244789277397,95.5522605466135,11.371636150306063,10.047696588170316,25.919844238584385,33.46586777575188,21.10503193162494,15.428399630514937,22.80040298598313,23.337454960427877,22.441881616353257,5.220628226168421,23.842671398992582,58.590090695913716,28.035678349248094,14.484138035483955,18.374202497147582,8.246815308287196,8.785293135764926,17.888345296712778,30.814091823388132,18.23849601665176,7.273984500047104,21.705357285122414,5.896595597008075,76.41589604812805,30.392220099865913,31.005219098553454,26.35462446890794,16.52479776269477,30.393117156436553,42.62204824843521,131.19575609676758
18: National Monument,17.49019481610821,19.059150581117592,21.74439384823032,24.123299063315645,19.895521696214075,25.851408820084615,22.041131986502005,14.440231637444748,32.26134849051268,85.72117599577102,33.49975976597431,11.916842605832828,46.702832261051505,37.300697287796496,47.114788779335875,51.76949753951714,32.12244789277397,0.0,106.54663528128765,23.00199003917071,24.00577155358199,44.71400563980677,48.53497396806175,45.54733166477605,43.647756137536355,54.92285087875712,55.377659565489544,46.13173384048294,28.469038053989326,32.76579035548471,60.600510980065756,47.745505162142095,20.132254633419432,22.050584756869547,26.476019044202996,25.395068546162012,15.434823537943938,61.8954354698271,40.90742094338597,26.032464580506694,53.827805177896366,28.948319378178915,101.2758675895947,49.10915015922645,47.788855986961266,22.322076885935434,45.11264301737839,18.373576568492048,56.22531251151008,128.4114603975155
19: Royal Selangor Visitor Centre,91.38489520027198,91.97270628942749,94.25057194518828,112.63665142991286,94.20852571435131,87.37415057003675,107.13637657163785,111.5836686810616,104.27210221809057,28.66209678921968,105.05733403588175,104.44558663534227,66.30383624250533,82.79829794928953,64.06088561202861,75.4555812197456,95.55226054661355,106.54663528128776,0.0,92.62863124016435,92.88099883152793,78.13038720782818,65.852073201696,83.53800732142751,90.67790001334305,97.45730223801563,96.92025026357089,81.54834577777685,95.92031586588355,76.63890901713249,51.37320105912489,80.14239920154098,93.77419796791162,102.98701158757083,94.94585153008867,93.20611702523418,92.28776926535963,103.34583957843647,84.04953663221279,93.56190026209252,103.1440576280387,98.41803970655639,152.2890871751649,73.56855098671652,67.38985996841508,111.31602692320592,90.35053371399195,115.35451961073456,62.939307082586524,90.68349976093725
20: Central Market,5.511795223062495,4.364764304766701,3.6471476510533267,20.363175042810003,3.6112905674791786,7.225553734583472,15.493589114166246,22.081891147545626,15.829822130033799,76.39328967449727,17.001404988722907,13.84216234120733,30.97433749500769,18.32406395132732,32.837445536463235,32.79286420304796,11.371636150306058,23.001990039170703,92.62863124016432,0.0,1.4020689126926495,25.737372303337594,32.42542260192018,25.78406135285955,23.31912285637374,34.115563916221944,34.65261589066669,26.368463528566433,6.534225123741589,17.590031505594002,51.272624658792,28.76887182567292,3.6986239208512885,11.71718393676935,3.8723164033136572,2.805747885151855,7.583886255329686,42.12925275362695,21.930787606916812,4.097651650258955,33.020518215361236,8.937221306856634,84.47019059284528,30.132516822757268,29.964773924721754,19.673239465734333,24.784009736215765,23.711732153262943,41.34262318747121,123.81978255034643
21: Laluan Kasturi,6.515576737473776,5.3685458191779825,4.874844179998382,19.755652598384888,4.838987096424233,6.777359572805326,16.764461039831634,23.309587676490686,14.505882567898057,76.71230011134833,15.677465426587165,15.06985887015239,30.52614333322954,17.875869789549174,33.089813127826815,32.34467004126982,10.047696588170314,24.005771553581987,92.8809988315279,1.4020689126926498,0.0,25.28917814155945,31.977228440142035,24.535252908834938,22.07031441234913,32.7916243540862,33.328676328530946,25.11965508454183,5.210285561605846,17.84239909695758,51.591635095643056,28.320677663894777,4.926320449796343,12.988055862434734,2.470247490621008,1.4221152288522005,8.587667769740968,40.80531319149121,20.74291066344775,2.773712088123212,31.696578653225487,7.55358865055698,83.14625103070955,29.684322660979124,29.516579762943604,20.94411139139972,23.535201292191157,24.982604078928333,41.13340891282536,124.1387929871975
22: Pavilion Kuala Lumpur,27.22381082369856,27.811621912854072,27.622149449194108,44.84100067706942,27.58010321835713,18.928153044480624,40.50795407564366,46.0568929456864,34.75583635237637,80.68611926267191,28.20198941304194,37.817164139348115,14.044068514119385,15.778027986354092,19.8840676169829,8.296420907319316,25.919844238584375,44.71400563980677,78.13038720782814,25.737372303337583,25.289178141559443,0.0,14.10710294603305,6.5319353153584325,13.791659901488279,20.571062126160808,20.034010151716064,4.086853166265879,26.91960478947443,19.02672879875757,52.31324115212626,3.7971475309003866,27.667436571729247,36.3585890915767,26.70857290477084,24.968838399916336,29.29590185596575,31.214084958037347,8.045292651529238,24.561189185683403,26.25781751618387,29.417328630147278,81.57173249236503,6.094734252320841,12.497682348369644,44.68760442721174,13.464293602137165,48.72609711474034,20.45286040816939,129.79807919380897
23: Suria KLCC,32.279468928845894,32.86728001800141,34.3101997477767,51.529050975652005,34.26815351693972,25.616203343063212,47.19600437422624,52.744943244268974,42.185709447228824,72.83305931288623,41.29350705442778,44.505214437930704,2.05056350108637,20.711905178427873,9.881780797845677,12.474544403583653,33.46586777575186,48.534973968061735,65.852073201696,32.42542260192018,31.977228440142042,14.107102946033054,0.0,19.774180339973558,26.914073031889117,33.69347525656163,33.15642328211688,17.525061515981722,33.83392309502184,17.53348274570637,42.446811071134796,15.912390140927672,34.355486870311836,43.046639390159285,33.39662320335342,31.656888698498918,33.84659855816775,44.6522933077532,20.28570965075885,31.475507491230807,39.3802306465847,36.331646935694685,95.00994084208085,8.012368693712208,2.4606486771984346,51.37565472579432,26.586706732537998,55.41414741332293,9.539817236561438,123.70471230921989
24: Food Court Lot 10,28.057136848667856,28.367034936253628,28.136662503052662,42.54804582254072,28.094616272215685,19.814441470837814,40.607784632766254,46.57140599954495,29.58192620783574,84.1507386899827,23.028079268501294,38.331677193206666,19.45168862771873,18.798836499169887,25.291687730582254,14.159461626360537,21.10503193162494,45.54733166477607,83.53800732142749,25.784061352859545,24.53525290883493,6.5319353153584325,19.774180339973565,0.0,7.964265884268728,14.251865377105307,13.714813402660562,2.803763751554964,24.39340335936323,22.3270269948942,55.77786057943707,8.000300450390009,28.181949625587798,36.80701301257398,24.410249713068282,23.333733390142903,30.129227880935044,26.520883074690214,4.76863927732453,22.04711061383892,19.938620767128366,26.891127200036067,76.99247922731168,11.957774971362062,18.164759742310157,44.78743498433433,7.435424790094227,48.82592767186294,26.3159011272106,133.26269862111977
25: Berjaya Times Square,26.157561321428147,25.902096439767824,25.67172400656686,38.80082287075284,25.629677775729874,21.451284806158757,37.60337374785481,44.10646750305914,23.905293906725724,91.11639158179543,17.351446967391293,35.866738696720866,26.591581319634294,24.800164829663935,32.43158042249782,21.419186212490384,15.428399630514937,43.647756137536355,90.67790001334305,23.31912285637374,22.070314412349124,13.791659901488279,26.914073031889124,7.96426588426873,0.0,12.751836506391669,13.10169384813629,9.954599441675963,20.649027856683364,29.189697438138882,62.743513471249756,15.548396174570799,25.717011129101987,33.80260212766253,21.94531121658247,20.868794893657093,28.229652353695336,23.811001482847203,8.746537068964098,19.58217211735311,14.495171900841047,21.324995227523015,74.13034022164922,19.154824552691608,25.30465243422572,41.78302409942289,1.9758820651900666,45.8215167869515,31.94962673561501,140.22835151293245
26: Plaza Pudu,38.35740668496193,37.41315111206567,36.90411738603767,44.67340315597297,37.14073244802773,33.23486874816766,44.73978656015733,51.5305447945527,28.975306125003208,97.89579380646795,21.90575184314016,43.290815988214426,33.37098354430681,32.44090916708709,39.21098264717034,28.198588437162897,22.80040298598313,54.922850878757096,97.45730223801556,34.115563916221944,32.7916243540862,20.571062126160804,33.69347525656165,14.251865377105306,12.751836506391674,0.0,0.5370519744447444,16.734001666348487,28.02103121215156,35.9690996628114,69.52291569592231,21.580032293627678,37.22806580139984,40.590421576090364,30.990743074203092,31.529220901680805,40.42949771722912,14.48711058761555,18.407926896804007,30.01791226596299,5.686755390023064,28.696998582991206,65.32750918645627,25.934226777364135,32.08405465889824,48.26097041959431,11.965169516514393,52.95792959925401,37.71915188881481,147.00775373760501
27: Kompleks ICC Pudu,37.88746474938133,37.63199986772101,37.401627434520044,45.210455130417714,37.359581203683064,32.69781677372291,45.27683853460207,52.067596768997454,29.512358099447955,97.3587418320232,22.442803817584906,43.82786796265917,32.83393156986207,31.903857192642356,38.6739306727256,27.66153646271816,23.33745496042788,55.37765956548953,96.92025026357082,34.65261589066669,33.32867632853095,20.03401015171606,33.156423282116904,13.714813402660562,13.101693848136295,0.5370519744447444,0.0,16.196949691903747,28.558083186596306,35.43204768836666,68.98586372147757,21.042980319182934,37.44691455705518,41.12747355053511,31.52779504864784,32.06627287612555,39.95955578164852,14.196108891662723,17.870874922359263,30.554964240407738,6.22380736446781,29.234050557435953,65.26425868663212,25.397174802919388,31.5470026844535,48.79802239403906,11.895182832887684,53.49498157369875,37.182099914370056,146.47070176316026
28: Fahrenheit 88,28.641539024374747,28.951437111960516,28.72106467875955,43.13244799824761,28.679018447922573,20.398843646544705,41.19218680847314,47.15580817525184,30.918775892564057,83.19645550810083,24.364928953229615,38.91607936891356,17.462027084068044,18.10860550605052,23.302026186931567,11.71437947726798,22.441881616353264,46.13173384048296,81.5483457777768,26.368463528566426,25.11965508454182,4.086853166265879,17.52506151598172,2.803763751554964,9.954599441675963,16.734001666348494,16.196949691903747,0.0,24.97780553507011,21.393479284081465,54.82357739755518,5.843589439348402,28.766351801294686,37.39141518828086,24.994651888775167,23.91813556584979,30.71363005664194,29.0030193639334,5.3530414530314205,22.63151278954581,22.420757056371553,27.475529375742955,79.47461551655486,9.512692822269507,15.91564091831831,45.37183716004122,9.627233142324847,49.41032984756982,23.870818978118052,132.3084154392379
29: Dong Teh Mun Food Court,10.978843237881112,9.83181231958532,9.535104340712886,21.251881993276037,9.559393655547371,9.543914901874448,19.311620803501558,25.866788494731274,9.295597006292208,80.64471046032196,10.46717986498132,17.627059688392983,32.38283798810936,19.564362802331416,36.46431268286176,33.97509668918482,5.220628226168422,28.46903805398932,95.92031586588348,6.5342251237415905,5.210285561605846,26.91960478947444,33.83392309502185,24.39340335936323,20.64902785668336,28.021031212151552,28.558083186596296,24.97780553507012,0.0,21.209015628195832,55.5240454446167,29.951104311809768,9.646727008919479,15.510849183309276,3.409404281722727,3.947882109200452,13.050934270148302,36.03472004955656,20.712657951293814,2.4365734734826336,26.925985511290843,3.04301605897931,77.93596546910369,31.31474930889412,31.37327441782342,23.491271155069644,21.74542598886318,27.529763842598257,42.99010356770518,128.12319675166847
30: Taman Eko Rimba Kuala Lumpur,16.34629546570165,16.934106554857173,19.211972210617937,37.598051695342456,19.169925979780952,12.318536797295106,32.09777683706748,37.37331436129266,30.50461263448805,68.28268469395137,31.676195493177154,29.406986900771937,15.701341038696134,16.397943157501714,16.847723313431363,22.93361161168498,23.842671398992582,32.765790355484704,76.63890901713248,17.590031505594006,17.84239909695758,19.02672879875757,17.533482745706365,22.327026994894208,29.189697438138907,35.9690996628114,35.43204768836666,21.393479284081472,21.209015628195846,0.0,40.014319359694596,22.05822832109289,18.735598233341292,27.948411853000515,19.899368771721644,18.15963426686714,18.07741494559072,48.23811736039631,21.98927107593757,18.77244215471321,41.65585505283447,24.139884149347296,98.70971351301775,18.652035174091505,16.787364764605893,36.277427188635556,28.862331138787784,40.315919876164166,25.352900964439332,117.37635483050755
31: Taman Tasik Titiwangsa,46.736038389368424,48.30499415437781,51.271297730233115,69.48005062364889,50.27769375437864,47.86278372902246,63.90339356845112,65.65741276138375,64.8196424509089,31.050952375325707,65.991225309598,61.22801787785066,42.105484792588605,51.785694914820354,33.96868422767636,52.083478932648774,58.59009069591372,60.60051098006579,51.373201059124874,51.27262465879202,51.591635095643056,52.31324115212626,42.4468110711348,55.77786057943707,62.743513471249784,69.52291569592236,68.98586372147763,54.82357739755519,55.52404544461669,40.01431935969457,0.0,55.34474067446159,49.515665939704235,59.75402858438416,54.06188258626406,52.474664083288,47.40456496020564,80.01579091622875,55.54308710904847,53.08747197113406,75.20967108594546,58.454913965768164,128.9590385129571,49.489638086468915,43.19150851849837,68.0830439200192,62.416147171898686,69.59075769243104,39.60925842037879,87.48141937445516
32: The Starhill,30.255310346033866,30.843121435189385,30.653648971529428,47.872500199404726,30.61160274069245,21.959652566815947,43.53945359797898,49.08839246802172,36.512572625458894,83.71761878500722,29.958725686124456,40.84866366168343,16.056080507832196,18.809527508689413,21.896079610695715,10.07589996920535,28.035678349248098,47.745505162142074,80.14239920154097,28.76887182567291,28.32067766389477,3.797147530900387,15.912390140927672,8.000300450390007,15.548396174570795,21.580032293627674,21.04298031918293,5.843589439348399,29.951104311809747,22.0582283210929,55.344740674461576,0.0,30.698936094064564,39.39008861391201,29.74007242710615,28.000337922251646,32.327401378301055,30.844038025259586,10.946838185926257,27.59268870801872,27.266787683650737,32.4488281524826,81.20168555958728,7.900021447215461,14.302969543264263,47.719103949547055,14.763591706616594,51.75759663707566,20.955599567804843,132.8295787161443
33: Queen Victoria's Fountain,2.7796275503358,3.3505874677812506,1.9362055053883553,20.144958398804103,0.9426015295338696,9.155618002975123,14.568301343606365,20.13265445934419,18.94232401521169,74.63633095540949,20.113906873900795,11.892925653005895,32.836629989475284,20.25412821971897,33.98301226421053,34.722928471439616,14.484138035483955,20.132254633419425,93.7741979679116,3.6986239208512877,4.926320449796343,27.66743657172924,34.35548687031183,28.181949625587798,25.717011129101984,37.22806580139984,37.44691455705516,28.76635180129468,9.646727008919479,18.735598233341292,49.51566593970423,30.698936094064567,0.0,10.418936359539398,7.396567940417351,6.315617442376364,4.811718855499308,45.24175463880484,23.860851875308455,7.210153535436847,36.13302010053912,12.447090864081144,87.58269247802316,32.062581091148914,31.894838193113394,18.747951695174454,27.18189800894401,22.78644438270306,42.488189915218506,121.66104895491051
34: National Mosque of Malaysia,13.01799019501573,12.071479383502696,8.736439642382575,13.075736220518788,10.331603006167288,17.846770522822574,5.770511075152329,13.76542905461758,17.446258457488565,84.87469360008939,18.684669732950198,10.819289536296273,41.59555428324679,28.94528073956643,43.19582588386974,43.41408099128707,18.37420249714759,22.050584756869554,102.98701158757078,11.71718393676935,12.988055862434738,36.3585890915767,43.046639390159285,36.807013012573975,33.802602127662524,40.590421576090364,41.12747355053511,37.39141518828086,15.510849183309276,27.948411853000504,59.754028584384145,39.39008861391203,10.418936359539396,0.0,12.83366493140036,13.877266613820305,14.657650233886018,47.080345436803,32.55200439515592,14.909274644057419,39.39718933601679,14.869879931902139,86.46077755657053,40.75373361099638,40.58599071296086,9.950161426720411,34.89900025984236,13.988654114249021,51.70100353487772,131.8994115995905
35: Sri Maha Mariamman Temple,8.985824228094781,7.838793309798989,6.12570005899016,18.574697741367125,7.309234587045241,8.262101901540092,16.634436551592643,23.189604242822366,12.69519992614657,79.18254760196933,13.86678278483568,14.949875436484067,31.94553809644094,19.295264552760575,35.15466582638756,33.764064804481215,8.246815308287196,26.476019044202992,94.94585153008865,3.8723164033136572,2.4702474906210075,26.708572904770843,33.396623203353435,24.41024971306828,21.945311216582464,30.990743074203074,31.527795048647818,24.994651888775167,3.4094042817227277,19.899368771721633,54.06188258626408,29.740072427106174,7.3965679404173486,12.833664931400362,0.0,1.7732483695851893,11.057915260361973,39.00443191160808,20.712909917600296,2.3813024176227575,29.895697373342365,5.465162443013638,81.33556838895805,31.10371742419052,30.935974526155004,20.81408690316073,23.410198096424494,24.85257959068934,42.55280367603676,126.60904047781852
36: Sin Sze Si Ya Temple,7.9048737300537955,6.757842811758003,6.264141172578401,19.87216227715309,6.228284089004252,6.522367396685586,17.65367179121721,24.33105066510217,13.243479115492665,77.59532909899326,14.415061974181773,16.09132185876387,30.205803591586427,17.55553004790606,33.41493132153306,32.024330299626705,8.785293135764922,25.395068546162005,93.20611702523415,2.8057478851518547,1.4221152288522008,24.968838399916336,31.65688869849892,23.333733390142907,20.868794893657096,31.529220901680805,32.066272876125545,23.9181355658498,3.9478821092004543,18.15963426686713,52.47466408328798,28.000337922251664,6.315617442376361,13.877266613820304,1.7732483695851893,0.0,9.976964762320986,39.54290973908581,19.541391144755718,1.5174684900647615,30.434175200820093,6.131473421704778,81.88384757830414,29.36398291933601,29.19624002130049,21.833322142785295,22.333681773499126,25.87181483031391,40.81306917118225,125.07381539033975
37: St Mary's Cathedral,2.0720910322671915,3.641046797276572,6.449506860166902,24.383672273150722,4.600634708150657,10.433305036243608,18.807015217952987,19.711478727374146,22.346531276440512,72.52522997591092,23.51811413512962,16.249867171319018,32.014456851157505,21.882593503955466,32.426413369441875,36.35139375567611,17.88834529671278,15.434823537943933,92.28776926535956,7.583886255329686,8.58766776974097,29.295901855965738,33.84659855816775,30.129227880935044,28.229652353695325,40.42949771722914,39.9595557816485,30.713630056641925,13.050934270148307,18.07741494559072,47.40456496020564,32.32740137830107,4.8117188554993096,14.657650233886018,11.057915260361977,9.97696476232099,0.0,48.44318655463413,25.489317159544953,10.614360796665673,39.33445201636841,15.981802791299762,90.986899739252,33.69104637538541,33.100480577067266,22.986665569521076,29.694539233537355,23.644823658421444,41.536937101616104,118.75489470266413
38: Buddha Jayanti Temple,46.37109552236692,45.42683994947067,44.91780622344267,51.16332701668561,45.154421285432726,41.989529069618264,51.229710420869964,58.50312938562273,35.46522998571585,110.16481150405286,28.3956757038528,50.26340057928443,44.58925887583951,44.70992686467201,50.429257978703035,36.62151423204002,30.81409182338813,61.89543546982711,103.34583957843643,42.12925275362694,40.8053131914912,31.214084958037358,44.6522933077532,26.520883074690214,23.811001482847203,14.487110587615549,14.196108891662726,29.00301936393341,36.034720049556554,48.2381173603963,80.01579091622872,30.84403802525959,45.24175463880484,47.08034543680301,39.00443191160809,39.5429097390858,48.44318655463411,0.0,30.67694459438892,38.03160110336799,9.374256094441469,35.89079220626853,55.42586766736355,36.63992461404099,43.042872710089796,54.75089428030695,23.024334492969924,59.44785345996665,42.82867054156181,159.2767714351899
39: Jalan Alor Street Art,23.417226127277768,24.00503721643329,23.815564752773337,38.847679039807865,23.773518521936353,15.174530749447731,36.70136937922288,42.25030824926562,29.064444303500792,83.91596521959411,22.580500886737163,34.010579442927344,19.963217938504027,16.38240175794087,25.803217041367546,15.186808551852044,18.238496016651762,40.90742094338598,84.04953663221278,21.930787606916812,20.74291066344776,8.04529265152924,20.285709650758854,4.768639277324529,8.746537068964098,18.407926896804007,17.870874922359263,5.3530414530314205,20.71265795129382,21.98927107593757,55.54308710904847,10.946838185926257,23.860851875308462,32.55200439515592,20.712909917600303,19.54139114475573,25.48931715954496,30.676944594388914,0.0,18.365138458274505,22.73071378445711,23.210381791966658,81.14854074701037,12.526461171561342,18.67628905309545,40.88101973079097,9.325218519524013,44.91951241831957,27.337801278010986,133.0279251507312
40: Jalan Petaling,8.542269764398478,7.395238846102685,7.1648664129017146,20.65030745402417,7.122820182064736,7.1073414283918135,18.71004626424969,25.26521395547941,11.732170479774842,78.20813698683932,12.903753338463952,17.025485149141115,30.024422384318324,17.205947198540386,34.02773920937913,31.616681085393775,7.273984500047104,26.032464580506684,93.56190026209245,4.097651650258956,2.7737120881232116,24.56118918568341,31.47550749123082,22.04711061383892,19.582172117353114,30.017912265962984,30.554964240407728,22.631512789545816,2.436573473482634,18.7724421547132,53.087471971134065,27.592688708018738,7.210153535436844,14.909274644057414,2.3813024176227575,1.5174684900647615,10.614360796665668,38.03160110336798,18.365138458274497,0.0,28.92286656510227,5.479589532461945,80.37253894258632,28.95633370510308,29.014858814032387,22.88969661581778,21.047058997195144,26.92818930334639,40.631687963914146,125.68662327818583
41: KL Pudu Wai Sek Kai ,37.26236098410122,36.31810541120496,35.80907168517696,43.480170915899386,36.04568674716702,32.88079453135257,43.54655432008375,50.43549909369199,27.78207388492963,103.58254919649103,20.712519603066582,42.19577028735371,39.05773893432987,38.127664557110165,44.89773803719339,33.88534382718596,21.70535728512242,53.827805177896366,103.14405762803857,33.020518215361236,31.696578653225494,26.257817516183867,39.3802306465847,19.938620767128366,14.495171900841047,5.686755390023064,6.22380736446781,22.420757056371553,26.92598551129085,41.65585505283447,75.20967108594539,27.266787683650726,36.133020100539134,39.39718933601679,29.89569737334238,30.434175200820093,39.33445201636841,9.374256094441467,22.730713784457116,28.922866565102282,0.0,27.601952882130497,59.69359483324349,31.620982167387194,37.7708100489213,47.067738179520724,13.708504910963768,51.76469735918043,43.40590727883787,152.16860989635322
42: Kwai Chai Hong,13.909711759032575,12.762680840736781,10.929585885459481,18.970713456012383,12.359757510709033,12.474783423025908,19.00084560274481,25.55601329397453,7.305935180831613,83.57557898147341,8.477518039520723,17.316284487636235,34.88056182878219,22.062086643004253,39.39518120401323,36.47282052985765,5.896595597008075,28.948319378178933,98.41803970655631,8.937221306856635,7.553588650556979,29.417328630147278,36.331646935694685,26.891127200036074,21.32499522752301,28.69699858299121,29.234050557435953,27.475529375742955,3.0430160589793096,24.139884149347296,58.45491396576815,32.448828152482605,12.447090864081144,14.869879931902139,5.465162443013637,6.131473421704778,15.981802791299767,35.89079220626854,23.210381791966647,5.479589532461944,27.601952882130497,0.0,75.94630364364309,33.812473149566955,33.87099825849626,22.558280719633725,22.42139335970283,27.21898864184151,45.48782740837802,131.05406527281997
43: Tapak Urban Street Dining Stadium KL,88.91480870698474,87.76777778868896,86.78360232129889,90.54375913645313,87.49535912465102,87.42315992270525,90.61014254063745,97.88356150539023,74.84566210548337,158.58067592942555,67.77610782362031,89.64383269905194,94.94690641016726,94.91345840089794,100.78690551303076,85.62414178318465,76.41589604812799,101.27586758959467,152.28908717516484,84.47019059284523,83.14625103070948,81.57173249236506,95.0099408420809,76.99247922731169,74.13034022164925,65.3275091864563,65.26425868663213,79.4746155165549,77.93596546910365,98.70971351301783,128.9590385129572,81.20168555958729,87.58269247802313,86.46077755657049,81.33556838895801,81.8838475783041,90.98689973925194,55.42586766736357,81.1485407470104,80.37253894258629,59.69359483324349,75.94630364364305,0.0,86.9975721483687,93.40052024441749,94.13132640007449,73.34367323177196,98.82828557973414,91.83129809270638,206.05916222077204
44: Aquaria KLCC,31.618955343118213,32.20676643227373,32.01729396861378,49.23614519648909,31.9752477377768,23.323297563900297,44.90309859506333,50.45203746510606,39.666535661101086,79.06077362413994,33.53425857523027,42.21230865876779,8.757127562500372,19.092494533721148,15.520953858792547,5.136843290656663,30.392220099865902,49.10915015922643,73.56855098671653,30.132516822757264,29.684322660979124,6.094734252320842,8.012368693712206,11.95777497136206,19.154824552691608,25.934226777364124,25.39717480291938,9.512692822269507,31.314749308894097,18.652035174091502,49.4896380864689,7.900021447215465,32.062581091148914,40.75373361099636,31.103717424190503,29.363982919336,33.691046375385405,36.639924614040986,12.526461171561339,28.95633370510307,31.620982167387194,33.81247314956695,86.99757214836868,0.0,6.402948096048801,49.08274894663141,18.827458253340495,53.121241634160015,15.726528616861279,129.3438853701668
45: Petrosains,31.4512124450827,32.03902353423822,31.849551070578265,49.06840229845358,31.807504839741288,23.155554665864777,44.73535569702781,50.284294567070546,39.72506077003039,72.7626440561694,39.684086456764376,42.04456576073227,2.3541794664515723,18.251256501229438,9.222824290821992,10.962036112417866,31.005219098553436,47.78885598696126,67.38985996841504,29.964773924721747,29.51657976294361,12.497682348369645,2.4606486771984346,18.164759742310153,25.30465243422571,32.08405465889822,31.547002684453478,15.915640918318312,31.3732744178234,16.78736476460589,43.191508518498345,14.302969543264263,31.8948381931134,40.58599071296085,30.93597452615499,29.196240021300486,33.10048057706727,43.04287271008978,18.676289053095445,29.014858814032372,37.77081004892129,33.87099825849625,93.40052024441745,6.402948096048802,0.0,48.9150060485959,24.9772861348746,52.9534987361245,11.616829149881756,123.04575580219621
46: Planetarium Negara,21.347005530650776,20.400494719137743,17.065454978017623,5.208841475548477,18.660618341802333,26.175785858457612,4.581173954179463,8.677386481510066,24.93060318366181,93.20370893572442,26.355218576454167,16.406381770119133,49.92456961888185,37.27429607520147,51.52484121950478,51.743096326922114,26.35462446890795,22.322076885935438,111.31602692320588,19.67323946573433,20.94411139139972,44.687604427211745,51.37565472579433,44.787434984334354,41.78302409942289,48.26097041959434,48.79802239403908,45.37183716004124,23.491271155069644,36.27742718863555,68.0830439200192,47.719103949547076,18.747951695174443,9.950161426720411,20.81408690316072,21.833322142785285,22.98666556952107,54.750894280306966,40.88101973079095,22.88969661581778,47.06773817952076,22.55828071963373,94.13132640007451,49.08274894663142,48.9150060485959,0.0,42.87942223160272,8.900611541141505,60.03001887051274,140.22842693522554
47: Berjaya Times Square Theme Park,27.62244820127018,27.36698331960985,27.136610886408885,39.70116163112215,27.094564655571904,22.916171686000787,38.699771880034646,45.25493957126436,24.491590924732925,90.78902528244431,17.422036642869873,37.015210764926074,26.26421502028318,25.334140643063456,32.104214123146704,21.09181991313927,16.52479776269477,45.11264301737839,90.35053371399194,24.78400973621577,23.535201292191154,13.464293602137165,26.586706732538005,7.435424790094229,1.9758820651900666,11.965169516514395,11.895182832887683,9.627233142324847,21.745425988863197,28.862331138787763,62.41614717189864,14.763591706616602,27.181898008944017,34.899000259842374,23.4101980964245,22.333681773499123,29.69453923353737,23.024334492969928,9.325218519524011,21.04705899719514,13.708504910963772,22.42139335970285,73.34367323177196,18.82745825334049,24.9772861348746,42.879422231602724,0.0,46.917914919131334,30.902711301803727,139.90098521358135
48: Perdana Botanical Gardens,25.385498218179382,24.43898740666635,21.10394766554623,10.701833718521707,22.69911102933094,30.214278545986218,8.619666641708072,4.728886164066674,29.81376648065223,94.71142270813628,31.052177756113856,12.457881452675739,53.96306230641045,41.31278876273008,55.56333390703338,55.78158901445073,30.393117156436556,18.37357656849205,115.35451961073449,23.71173215326294,24.982604078928325,48.72609711474035,55.41414741332293,48.82592767186295,45.8215167869515,52.95792959925403,53.49498157369877,49.41032984756984,27.529763842598257,40.315919876164166,69.59075769243105,51.757596637075665,22.78644438270305,13.988654114249025,24.85257959068933,25.871814830313898,23.64482365842145,59.44785345996665,44.919512418319556,26.92818930334638,51.764697359180445,27.218988641841502,98.82828557973421,53.12124163416003,52.9534987361245,8.900611541141505,46.91791491913133,0.0,64.06851155804137,140.9410874348896
49: Ilham Gallery,40.098887147578864,40.68669823673438,42.964563892495136,60.685231448335344,42.922517661658155,34.77238381574654,55.85036851894466,60.83283651731804,51.34188991991215,69.99550666213024,47.370087232525094,53.15957858264913,10.76563438886466,29.868085651111194,17.45270771472669,14.582830700946808,42.62204824843518,56.225312511510104,62.93930708258654,41.342623187471204,41.13340891282536,20.452860408169393,9.539817236561442,26.315901127210616,31.949626735615013,37.719151888814785,37.18209991437004,23.870818978118063,42.99010356770515,25.352900964439332,39.60925842037879,20.955599567804832,42.4881899152185,51.7010035348777,42.55280367603674,40.813069171182235,41.536937101616104,42.828670541561806,27.337801278011003,40.631687963914125,43.40590727883786,45.487827408378,91.83129809270638,15.726528616861287,11.616829149881758,60.030018870512734,30.902711301803727,64.06851155804135,0.0,126.03081780018104
50: Batu Caves,118.88142140457478,120.45037716958416,123.41668074543948,141.62543363885524,122.42307676958498,121.74846206116702,136.0487765836575,137.00774250384242,137.41879375796083,71.8077690280488,138.59037661664993,133.373400893057,121.95973207628636,128.9758164589743,113.82293151137418,133.7049620067363,131.1957560967676,128.41146039751538,90.68349976093725,123.81978255034652,124.13879298719755,129.79807919380883,123.70471230921983,133.2626986211197,140.22835151293242,147.0077537376049,146.47070176316015,132.30841543923782,128.12319675166856,117.37635483050768,87.48141937445523,132.8295787161442,121.66104895491058,131.89941159959048,126.60904047781857,125.07381539033983,118.75489470266423,159.27677143518983,133.0279251507311,125.6866232781859,152.16860989635322,131.05406527281997,206.05916222077235,129.34388537016673,123.04575580219613,140.22842693522557,139.90098521358132,140.9410874348897,126.03081780018097,0.0
