poi_id,1,2,3,4,5,6,7,8,9,10,11,12,13,14,15,16,17,18,19,20,21,22,23,24,25,26,27,28,29,30,31,32,33,34,35,36,37,38,39,40,41,42,43,44,45,46,47,48,49,50
1,0.000000,1.411320,4.167238,18.082208,3.439917,6.274591,13.368865,11.521374,16.252459,62.688885,19.067916,9.372952,26.083726,13.235748,23.779217,37.432906,12.616803,13.755775,74.145655,4.701851,5.469022,24.058448,26.995098,23.767773,22.191010,30.380039,30.350997,24.312055,9.501504,13.496473,40.865813,26.457608,12.913851,10.661592,7.182862,6.215479,1.626178,37.881549,20.040101,7.312782,31.390394,11.695592,73.581802,25.307172,25.482174,15.000676,23.723904,13.429803,35.257766,117.774891
2,1.411320,0.000000,2.835203,16.987678,2.311657,6.032924,12.298242,10.697727,14.844028,63.951693,17.738593,8.798903,26.532426,13.522108,24.522885,36.140160,11.471970,13.961668,75.194528,3.299425,4.104275,23.883446,27.384364,23.312288,21.408996,29.479818,29.476575,23.939498,8.173336,14.187271,42.108708,26.197975,11.541848,9.406528,5.793339,4.886924,2.784588,36.898376,19.621958,6.077088,30.353460,10.320080,72.259029,25.376708,25.865597,13.880099,22.951732,12.864189,35.613848,119.184018
3,4.167238,2.835203,0.000000,14.301536,1.142089,7.501743,9.665765,8.487764,12.395669,66.783932,15.819801,7.152751,28.559820,15.437444,26.939318,33.305093,10.414715,13.642171,77.894776,1.711612,2.688188,24.911102,29.322424,23.794038,21.174871,28.874997,28.938621,24.584993,6.483322,16.598868,44.936573,27.046217,8.754922,6.590401,3.824337,3.554913,5.115062,36.036056,20.225970,5.045684,29.369964,8.247364,70.252755,26.823849,27.802330,11.175653,22.723888,11.070074,37.472987,121.845669
4,18.082208,16.987678,14.301536,0.000000,14.689723,21.195242,4.720164,7.407006,12.205813,80.517268,17.637846,10.287626,42.166530,29.138153,41.111930,20.433870,18.493024,15.840945,92.180054,14.997186,15.196950,36.421268,42.755402,33.867290,29.238292,34.544517,34.885568,35.074267,15.000762,30.812937,58.794525,37.953773,8.376329,7.993404,14.163215,15.395011,18.297741,39.873575,30.968130,16.238969,33.262104,13.821079,65.788382,39.276751,41.255943,3.131748,30.598129,8.385987,50.636592,133.071723
5,3.439917,2.311657,1.142089,14.689723,0.000000,7.797762,9.992423,8.438924,13.484028,66.126111,16.961790,6.746631,28.665936,15.585625,26.800070,34.013175,11.472433,12.770991,77.498344,2.699766,3.705075,25.459359,29.477234,24.524327,22.095234,29.883181,29.933723,25.264788,7.607351,16.457227,44.305655,27.661237,9.661336,7.232298,4.957940,4.587483,4.137275,37.093325,20.911581,6.051224,30.442960,9.388508,71.388485,27.208433,27.956770,11.590603,23.645065,10.770391,37.673115,120.878063
6,6.274591,6.032924,7.501743,21.195242,7.797762,0.000000,16.790739,15.977028,15.312242,61.851331,16.281030,14.540202,21.126523,8.002335,19.999277,38.694897,8.774573,19.953984,71.609713,6.299930,5.998401,17.856142,21.847230,17.515655,16.381054,24.800633,24.700063,18.037979,7.875015,9.883059,39.984345,20.204857,14.010469,13.202308,7.238914,5.895116,7.763916,32.514307,13.777103,5.567229,26.272205,10.310397,70.031831,19.415466,20.328681,18.088189,17.876672,18.536146,29.974961,119.350544
7,13.368865,12.298242,9.665765,4.720164,9.992423,16.790739,0.000000,3.317066,10.986470,75.822961,16.393488,6.040274,37.886304,24.785437,36.575896,24.802314,15.380653,12.914600,87.490745,10.509649,10.834411,32.829014,38.543434,30.694116,26.590581,32.757815,33.016945,31.788034,11.416760,26.247298,54.084336,34.566278,5.894606,3.857915,10.052117,11.158946,13.583298,38.767589,27.549594,12.197029,32.020278,10.853540,67.642872,35.397862,37.032657,1.780089,28.039708,5.786308,46.543150,128.900842
8,11.521374,10.697727,8.487764,7.407006,8.438924,15.977028,3.317066,0.000000,13.473094,73.322672,18.659315,2.881327,37.043109,23.924451,35.220306,27.813896,16.367986,9.712470,85.543295,9.771947,10.376504,32.966349,37.810046,31.293378,27.711948,34.438177,34.640593,32.263446,12.121693,24.884299,51.689425,34.910898,8.180591,5.053314,10.132785,10.933639,11.391956,40.816904,27.938466,12.235373,34.041350,12.222849,70.794960,35.165146,36.290007,4.987556,29.213309,3.259231,45.951747,125.750883
9,16.252459,14.844028,12.395669,12.205813,13.484028,15.312242,10.986470,13.473094,0.000000,77.156769,5.493010,15.021261,33.814745,21.874980,34.333922,24.053155,8.335317,22.875075,86.255548,11.554178,10.889798,26.007391,34.079144,22.702937,17.485629,22.338739,22.682100,24.072509,7.468488,24.885093,55.295630,27.068762,5.294330,8.631863,9.129525,10.326995,17.464055,27.890847,20.362253,9.907217,21.191885,5.007117,58.203244,29.528682,32.677456,10.568743,18.735173,16.569796,41.307596,133.929275
10,62.688885,63.951693,66.783932,80.517268,66.126111,61.851331,75.822961,73.322672,77.156769,0.000000,77.219845,70.556323,48.408294,56.040457,44.610437,100.075775,69.740700,68.891831,21.717191,66.714860,66.996518,59.798839,49.204591,64.534107,69.479658,75.928393,75.344011,63.224827,69.723434,52.452113,21.889937,61.547475,75.283710,73.347835,68.639880,67.284544,62.260978,82.717012,63.226879,67.352983,79.677978,72.160732,125.035004,55.488153,49.810508,77.541659,69.974689,73.884557,48.093564,65.336873
11,19.067916,17.738593,15.819801,17.637846,16.961790,16.281030,16.393488,18.659315,5.493010,77.219845,0.000000,19.871399,31.815486,21.204570,33.305423,26.569202,7.611995,27.738968,84.974738,14.537849,13.643105,22.715006,31.853943,18.809661,13.064274,16.958574,17.338487,20.299546,9.567554,24.815367,55.529924,23.319511,10.552655,13.653108,12.053978,12.855637,20.514016,22.406355,17.143633,11.848077,15.699095,7.580037,54.520608,26.665656,30.561293,16.056066,14.108094,21.839740,38.474465,135.630107
12,9.372952,8.798903,7.152751,10.287626,6.746631,14.540202,6.040274,2.881327,15.021261,70.556323,19.871399,0.000000,35.331314,22.298943,33.146479,30.692336,16.468006,7.876385,83.033440,8.721184,9.527277,32.059096,36.177275,30.793821,27.711791,34.898878,35.045434,31.648426,12.166151,22.868041,48.974650,34.163735,9.818975,6.402971,9.782204,10.247999,8.970277,41.608318,27.291146,11.694044,34.840347,12.832879,72.904311,33.938722,34.657785,7.785507,29.244343,4.068804,44.394244,122.894813
13,26.083726,26.532426,28.559820,42.166530,28.665936,21.126523,37.886304,37.043109,33.814745,48.408294,31.815486,35.331314,0.000000,13.129335,6.207473,57.830719,25.482481,39.143980,53.361239,27.425465,27.052292,11.395512,1.472735,16.182084,21.543574,27.520099,26.937608,14.827583,27.573053,12.977040,28.663117,13.240545,34.390428,34.202317,28.005309,26.780495,26.937080,34.462833,15.454180,25.962206,31.302801,29.490114,76.710989,7.124976,1.408877,39.103219,21.813888,39.395797,9.366249,111.449455
14,13.235748,13.522108,15.437444,29.138153,15.585625,8.002335,24.785437,23.924451,21.874980,56.040457,21.204570,22.298943,13.129335,0.000000,12.470205,45.833752,13.873851,26.784025,64.385393,14.302150,13.963117,12.111450,13.893739,13.811333,15.633971,23.973419,23.653369,13.641507,14.958871,4.188600,34.453684,14.853433,21.619802,21.149907,15.024516,13.749128,14.304541,31.874008,10.390804,13.072627,26.583895,17.134140,72.123261,12.306581,12.373134,26.048550,16.770645,26.348636,22.095497,115.762356
15,23.779217,24.522885,26.939318,41.111930,26.800070,19.999277,36.575896,35.220306,34.333922,44.610437,33.305423,33.146479,6.207473,12.470205,0.000000,58.302999,26.228725,35.845606,51.921665,26.114781,25.963565,16.032874,7.666541,20.398635,24.919217,31.917151,31.399332,19.290578,27.393199,10.345484,23.826037,18.366336,33.946615,33.142874,27.225791,25.892842,24.300584,39.281914,18.669166,25.393512,35.410863,29.601101,81.219456,12.434445,7.110445,37.985218,25.513970,37.188637,14.276159,106.482717
16,37.432906,36.140160,33.305093,20.433870,34.013175,38.694897,24.802314,27.813896,24.053155,100.075775,26.569202,30.692336,57.830719,45.833752,58.302999,0.000000,32.359815,35.733526,110.194476,33.380891,33.161892,49.281499,58.038399,45.300484,39.361379,40.524134,41.127282,46.819231,30.962145,48.546383,78.207872,49.828880,24.841799,26.782406,31.592436,32.963502,38.008374,42.274100,43.688314,33.132495,37.353993,28.703115,53.055120,53.157827,56.664422,23.022762,40.165136,28.557650,64.982388,153.484553
17,12.616803,11.471970,10.414715,18.493024,11.472433,8.774573,15.380653,16.367986,8.335317,69.740700,7.611995,16.468006,25.482481,13.873851,26.228725,32.359815,0.000000,23.844046,78.115974,8.775386,7.769692,18.071482,25.745858,15.393072,11.343988,18.528071,18.632148,16.581259,4.305110,17.291079,47.995316,19.471339,10.116752,11.640057,6.802697,6.886100,14.204012,25.622616,12.518480,5.461664,18.976014,4.671956,61.394123,21.335486,24.342152,15.890357,12.849330,19.583393,33.056293,128.066282
18,13.755775,13.961668,13.642171,15.840945,12.770991,19.953984,12.914600,9.712470,22.875075,68.891831,27.738968,7.876385,39.143980,26.784025,35.845606,35.733526,23.844046,0.000000,83.130663,15.353781,16.315787,37.799678,40.193896,37.227211,34.814198,42.371612,42.472205,37.893314,19.617150,26.182459,47.990456,40.153063,17.628910,14.243349,17.041393,17.156465,12.500935,49.286137,33.563642,18.656557,42.538295,20.577713,80.507365,39.001678,38.709790,14.358242,36.362603,7.478430,48.471583,118.031326
19,74.145655,75.194528,77.894776,92.180054,77.498344,71.609713,87.490745,85.543295,86.255548,21.717191,84.974738,83.033440,53.361239,64.385393,51.921665,110.194476,78.115974,83.130663,0.000000,77.385518,77.404709,64.061123,53.585752,68.899227,74.690564,79.292275,78.622690,67.377779,79.239117,61.726749,35.747599,64.968183,85.616123,84.402193,78.826627,77.462975,74.151511,84.760311,68.767967,77.131866,83.389258,81.496039,126.246577,59.586152,54.700214,89.063838,74.738923,86.800757,49.121566,76.314317
20,4.701851,3.299425,1.711612,14.997186,2.699766,6.299930,10.509649,9.771947,11.554178,66.714860,14.537849,8.721184,27.425465,14.302150,26.114781,33.380891,8.775386,15.353781,77.385518,0.000000,1.005810,23.355789,28.131524,22.127383,19.463818,27.191372,27.247820,22.943809,5.028598,15.825429,44.835541,25.442565,8.573467,7.047823,2.508586,1.889290,6.012169,34.394458,18.584642,3.355435,27.749195,7.048023,69.046939,25.402903,26.614640,11.870940,21.012941,12.535949,36.222230,122.425897
21,5.469022,4.104275,2.688188,15.196950,3.705075,5.998401,10.834411,10.376504,10.889798,66.996518,13.643105,9.527277,27.052292,13.963117,25.963565,33.161892,7.769692,16.315787,77.404709,1.005810,0.000000,22.630150,27.714613,21.272325,18.498533,26.192760,26.252703,22.122397,4.092044,15.739713,45.108580,24.663905,8.320501,7.203908,1.760889,0.883763,6.871510,33.388701,17.766274,2.358273,26.743949,6.227142,68.162904,24.801603,26.202180,12.092623,20.046829,13.249300,35.751565,123.042436
22,24.058448,23.883446,24.911102,36.421268,25.459359,17.856142,32.829014,32.966349,26.007391,59.798839,22.715006,32.059096,11.395512,12.111450,16.032874,49.281499,18.071482,37.799678,64.061123,23.355789,22.630150,0.000000,10.732341,4.863665,10.710852,16.135243,15.564451,3.435217,21.472289,15.244516,39.723271,2.807755,28.089192,28.971146,22.902614,22.033314,25.423056,23.274665,5.649904,20.761317,19.913442,22.684017,65.393676,4.488250,9.990121,33.633871,10.678430,35.876856,15.884432,122.477877
23,26.995098,27.384364,29.322424,42.755402,29.477234,21.847230,38.543434,37.810046,34.079144,49.204591,31.853943,36.177275,1.472735,13.893739,7.666541,58.038399,25.745858,40.193896,53.585752,28.131524,27.714613,10.732341,0.000000,15.581269,21.145760,26.768434,26.168056,14.161155,28.034642,14.090170,29.749958,12.345450,34.872910,34.820045,28.595662,27.402226,27.905854,33.553660,15.188581,26.521386,30.624696,29.873134,75.848005,6.304985,1.520605,39.715150,21.315756,40.233670,8.282695,112.503240
24,23.767773,23.312288,23.794038,33.867290,24.524327,17.515655,30.694116,31.293378,22.702937,64.534107,18.809661,30.793821,16.182084,13.811333,20.398635,45.300484,15.393072,37.227211,68.899227,22.127383,21.272325,4.863665,15.581269,0.000000,6.096491,11.519819,11.002680,1.577606,19.304696,17.633098,44.211104,4.531559,25.495216,26.880850,21.175781,20.549819,25.279502,19.002497,3.759171,19.132854,15.144023,20.057465,60.829764,9.350705,14.773212,31.278711,5.854598,34.376938,20.440011,126.864004
25,22.191010,21.408996,21.174871,29.238292,22.095234,16.381054,26.590581,27.711948,17.485629,69.479658,13.064274,27.711791,21.543574,15.633971,24.919217,39.361379,11.343988,34.814198,74.690564,19.463818,18.498533,10.710852,21.145760,6.096491,0.000000,8.557764,8.374552,7.671309,15.618809,19.811631,48.639207,10.589266,21.000102,22.933887,17.935740,17.663905,23.803864,16.446033,6.254100,16.165087,10.966254,15.737145,56.735374,15.131125,20.152354,26.913114,1.549835,30.924777,26.504578,130.884238
26,30.380039,29.479818,28.874997,34.544517,29.883181,24.800633,32.757815,34.438177,22.338739,75.928393,16.958574,34.898878,27.520099,23.973419,31.917151,40.524134,18.528071,42.371612,79.292275,27.191372,26.192760,16.135243,26.768434,11.519819,8.557764,0.000000,0.703535,12.724184,22.774917,28.103938,55.730633,14.524996,26.888563,29.434039,25.330653,25.320198,32.005163,7.914646,13.841546,23.836047,4.164033,22.219160,49.311632,20.464481,26.118490,32.713636,7.235291,37.697334,30.200549,138.366912
27,30.350997,29.476575,28.938621,34.885568,29.933723,24.700063,33.016945,34.640593,22.682100,75.344011,17.338487,35.045434,26.937608,23.653369,31.399332,41.127282,18.632148,42.472205,78.622690,27.247820,26.252703,15.564451,26.168056,11.002680,8.374552,0.703535,0.000000,12.167100,22.900366,27.765930,55.202626,13.898474,27.161027,29.652339,25.432502,25.384275,31.974387,8.224566,13.449681,23.894512,4.862777,22.417747,49.849494,19.866727,25.538290,33.007787,6.987323,37.898771,29.524180,137.865660
28,24.312055,23.939498,24.584993,35.074267,25.264788,18.037979,31.788034,32.263446,24.072509,63.224827,20.299546,31.648426,14.827583,13.641507,19.290578,46.819231,16.581259,37.893314,67.377779,22.943809,22.122397,3.435217,14.161155,1.577606,7.671309,12.724184,12.167100,0.000000,20.374314,17.271967,43.056392,3.022244,26.697956,27.954772,22.130916,21.432701,25.785087,19.997806,4.359379,20.050082,16.478345,21.253216,62.014334,7.886050,13.421023,32.431289,7.409749,35.304820,18.864536,125.772198
29,9.501504,8.173336,6.483322,15.000762,7.607351,7.875015,11.416760,12.121693,7.468488,69.723434,9.567554,12.166151,27.573053,14.958871,27.393199,30.962145,4.305110,19.617150,79.239117,5.028598,4.092044,21.472289,28.034642,19.304696,15.618809,22.774917,22.900366,20.374314,0.000000,17.610589,47.851454,23.152102,6.845340,7.581138,2.672583,3.288146,10.952853,29.711036,16.135323,2.466365,22.996884,2.467280,64.086543,24.285375,26.562919,12.161998,17.135351,15.313092,35.745290,126.663945
30,13.496473,14.187271,16.598868,30.812937,16.457227,9.883059,26.247298,24.884299,24.885093,52.452113,24.815367,22.868041,12.977040,4.188600,10.345484,48.546383,17.291079,26.182459,61.726749,15.825429,15.739713,15.244516,14.090170,17.633098,19.811631,28.103938,27.765930,17.271967,17.610589,0.000000,30.715357,18.050769,23.890850,22.870851,17.106559,15.747888,14.148022,35.990420,14.397606,15.421077,30.767594,19.961490,76.300444,14.353288,12.645803,27.682459,20.923326,26.926177,22.333116,111.653479
31,40.865813,42.108708,44.936573,58.794525,44.305655,39.984345,54.084336,51.689425,55.295630,21.889937,55.529924,48.974650,28.663117,34.453684,23.826037,78.207872,47.995316,47.990456,35.747599,44.835541,45.108580,39.723271,29.749958,44.211104,48.639207,55.730633,55.202626,43.056392,47.851454,30.715357,0.000000,41.844133,53.400947,51.513251,46.749994,45.394637,40.502065,62.992523,42.417902,45.472087,59.232625,50.294634,105.040159,35.737061,29.989048,55.784022,49.305159,52.452292,31.234355,82.794140
32,26.457608,26.197975,27.046217,37.953773,27.661237,20.204857,34.566278,34.910898,27.068762,61.547475,23.319511,34.163735,13.240545,14.853433,18.366336,49.828880,19.471339,40.153063,64.968183,25.442565,24.663905,2.807755,12.345450,4.531559,10.589266,14.524996,13.898474,3.022244,23.152102,18.050769,41.844133,0.000000,29.581355,30.719042,24.788180,24.014350,27.868590,21.225018,7.016823,22.675663,18.508350,24.138735,63.503535,6.118386,11.876172,35.264732,10.151234,37.899183,16.148821,124.637113
33,12.913851,11.541848,8.754922,8.376329,9.661336,14.010469,5.894606,8.180591,5.294330,75.283710,10.552655,9.818975,34.390428,21.619802,33.946615,24.841799,10.116752,17.628910,85.616123,8.573467,8.320501,28.089192,34.872910,25.495216,21.000102,26.888563,27.161027,26.697956,6.845340,23.890850,53.400947,29.581355,0.000000,3.425188,6.794580,8.163753,13.798549,32.885745,22.604077,8.558265,26.132221,5.444873,63.146073,31.075491,33.396862,5.921920,22.404659,11.305882,42.584845,130.526066
34,10.661592,9.406528,6.590401,7.993404,7.232298,13.202308,3.857915,5.053314,8.631863,73.347835,13.653108,6.402971,34.202317,21.149907,33.142874,26.782406,11.640057,14.243349,84.402193,7.047823,7.203908,28.971146,34.820045,26.880850,22.933887,29.434039,29.652339,27.954772,7.581138,22.870851,51.513251,30.719042,3.425188,0.000000,6.244695,7.422157,11.254198,35.763636,23.703165,8.373787,28.988220,7.264519,66.565319,31.563044,33.314785,4.901414,24.408591,8.297823,42.769621,127.708757
35,7.182862,5.793339,3.824337,14.163215,4.957940,7.238914,10.052117,10.132785,9.129525,68.639880,12.053978,9.782204,28.005309,15.024516,27.225791,31.592436,6.802697,17.041393,78.826627,2.508586,1.760889,22.902614,28.595662,21.175781,17.935740,25.330653,25.432502,22.130916,2.672583,17.106559,46.749994,24.788180,6.794580,6.244695,0.000000,1.371788,8.520749,32.349562,17.806888,2.152511,25.648770,4.539746,66.549473,25.349787,27.094306,11.123869,19.472003,13.204278,36.525527,124.803325
36,6.215479,4.886924,3.554913,15.395011,4.587483,5.895116,11.158946,10.933639,10.326995,67.284544,12.855637,10.247999,26.780495,13.749128,25.892842,32.963502,6.886100,17.156465,77.462975,1.889290,0.883763,22.033314,27.402226,20.549819,17.663905,25.320198,25.384275,21.432701,3.288146,15.747888,45.394637,24.014350,8.163753,7.422157,1.371788,0.000000,7.669022,32.505865,17.083172,1.500094,25.860186,5.535602,67.374539,24.321056,25.895379,12.322731,19.210960,13.885554,35.384276,123.612112
37,1.626178,2.784588,5.115062,18.297741,4.137275,7.763916,13.583298,11.391956,17.464055,62.260978,20.514016,8.970277,26.937080,14.304541,24.300584,38.008374,14.204012,12.500935,74.151511,6.012169,6.871510,25.423056,27.905854,25.279502,23.803864,32.005163,31.974387,25.785087,10.952853,14.148022,40.502065,27.868590,13.798549,11.254198,8.520749,7.669022,0.000000,39.506632,21.540001,8.849104,33.009752,13.059832,75.034284,26.500821,26.402536,15.284672,25.334618,12.941854,36.185594,116.745738
38,37.881549,36.898376,36.036056,39.873575,37.093325,32.514307,38.767589,40.816904,27.890847,82.717012,22.406355,41.608318,34.462833,31.874008,39.281914,42.274100,25.622616,49.286137,84.760311,34.394458,33.388701,23.274665,33.553660,19.002497,16.446033,7.914646,8.224566,19.997806,29.711036,35.990420,62.992523,21.225018,32.885745,35.763636,32.349562,32.505865,39.506632,0.000000,21.660183,31.057485,6.777127,28.776987,42.321351,27.337903,33.090132,38.459444,15.149726,44.055153,35.774761,145.751657
39,20.040101,19.621958,20.225970,30.968130,20.911581,13.777103,27.549594,27.938466,20.362253,63.226879,17.143633,27.291146,15.454180,10.390804,18.669166,43.688314,12.518480,33.563642,68.767967,18.584642,17.766274,5.649904,15.188581,3.759171,6.254100,13.841546,13.449681,4.359379,16.135323,14.397606,42.417902,7.016823,22.604077,23.703165,17.806888,17.083172,21.540001,21.660183,0.000000,15.712287,16.926493,17.169951,62.806326,9.558453,14.086561,28.255369,6.919089,30.962236,21.336834,124.781316
40,7.312782,6.077088,5.045684,16.238969,6.051224,5.567229,12.197029,12.235373,9.907217,67.352983,11.848077,11.694044,25.962206,13.072627,25.393512,33.132495,5.461664,18.656557,77.131866,3.355435,2.358273,20.761317,26.521386,19.132854,16.165087,23.836047,23.894512,20.050082,2.466365,15.421077,45.472087,22.675663,8.558265,8.373787,2.152511,1.500094,8.849104,31.057485,15.712287,0.000000,24.432568,4.925336,66.311751,23.201381,25.025657,13.229986,17.711830,15.255539,34.412518,124.203352
41,31.390394,30.353460,29.369964,33.262104,30.442960,26.272205,32.020278,34.041350,21.191885,79.677978,15.699095,34.840347,31.302801,26.583895,35.410863,37.353993,18.976014,42.538295,83.389258,27.749195,26.743949,19.913442,30.624696,15.144023,10.966254,4.164033,4.862777,16.478345,22.996884,30.767594,59.232625,18.508350,26.132221,28.988220,25.648770,25.860186,33.009752,6.777127,16.926493,24.432568,0.000000,22.007605,45.882569,24.325767,29.895084,31.752368,10.013577,37.281251,34.323823,141.704836
42,11.695592,10.320080,8.247364,13.821079,9.388508,10.310397,10.853540,12.222849,5.007117,72.160732,7.580037,12.832879,29.490114,17.134140,29.601101,28.703115,4.671956,20.577713,81.496039,7.048023,6.227142,22.684017,29.873134,20.057465,15.737145,22.219160,22.417747,21.253216,2.467280,19.961490,50.294634,24.138735,5.444873,7.264519,4.539746,5.535602,13.059832,28.776987,17.169951,4.925336,22.007605,0.000000,62.023938,25.792105,28.425991,11.251219,17.188657,15.481128,37.411593,129.090431
43,73.581802,72.259029,70.252755,65.788382,71.388485,70.031831,67.642872,70.794960,58.203244,125.035004,54.520608,72.904311,76.710989,72.123261,81.219456,53.055120,61.394123,80.507365,126.246577,69.046939,68.162904,65.393676,75.848005,60.829764,56.735374,49.311632,49.849494,62.014334,64.086543,76.300444,105.040159,63.503535,63.146073,66.565319,66.549473,67.374539,75.034284,42.321351,62.806326,66.311751,45.882569,62.023938,0.000000,69.594041,75.323796,66.364385,55.888377,73.355687,77.792297,187.587201
44,25.307172,25.376708,26.823849,39.276751,27.208433,19.415466,35.397862,35.165146,29.528682,55.488153,26.665656,33.938722,7.124976,12.306581,12.434445,53.157827,21.335486,39.001678,59.586152,25.402903,24.801603,4.488250,6.304985,9.350705,15.131125,20.464481,19.866727,7.886050,24.285375,14.353288,35.737061,6.118386,31.075491,31.563044,25.349787,24.321056,26.500821,27.337903,9.558453,23.201381,24.325767,25.792105,69.594041,0.000000,5.757995,36.364620,15.160518,37.893683,11.824962,118.531199
45,25.482174,25.865597,27.802330,41.255943,27.956770,20.328681,37.032657,36.290007,32.677456,49.810508,30.561293,34.657785,1.408877,12.373134,7.110445,56.664422,24.342152,38.709790,54.700214,26.614640,26.202180,9.990121,1.520605,14.773212,20.152354,26.118490,25.538290,13.421023,26.562919,12.645803,29.989048,11.876172,33.396862,33.314785,27.094306,25.895379,26.402536,33.090132,14.086561,25.025657,29.895084,28.425991,75.323796,5.757995,0.000000,38.211304,20.410174,38.713737,9.783163,112.781898
46,15.000676,13.880099,11.175653,3.131748,11.590603,18.088189,1.780089,4.987556,10.568743,77.541659,16.056066,7.785507,39.103219,26.048550,37.985218,23.022762,15.890357,14.358242,89.063838,11.870940,12.092623,33.633871,39.715150,31.278711,26.913114,32.713636,33.007787,32.431289,12.161998,27.682459,55.784022,35.264732,5.921920,4.901414,11.123869,12.322731,15.284672,38.459444,28.255369,13.229986,31.752368,11.251219,66.364385,36.364620,38.211304,0.000000,28.324195,7.001584,47.642251,130.668010
47,23.723904,22.951732,22.723888,30.598129,23.645065,17.876672,28.039708,29.213309,18.735173,69.974689,14.108094,29.244343,21.813888,16.770645,25.513970,40.165136,12.849330,36.362603,74.738923,21.012941,20.046829,10.678430,21.315756,5.854598,1.549835,7.235291,6.987323,7.409749,17.135351,20.923326,49.305159,10.151234,22.404659,24.408591,19.472003,19.210960,25.334618,15.149726,6.919089,17.711830,10.013577,17.188657,55.888377,15.160518,20.410174,28.324195,0.000000,32.432672,26.249849,131.699892
48,13.429803,12.864189,11.070074,8.385987,10.770391,18.536146,5.786308,3.259231,16.569796,73.884557,21.839740,4.068804,39.395797,26.348636,37.188637,28.557650,19.583393,7.478430,86.800757,12.535949,13.249300,35.876856,40.233670,34.376938,30.924777,37.697334,37.898771,35.304820,15.313092,26.926177,52.452292,37.899183,11.305882,8.297823,13.204278,13.885554,12.941854,44.055153,30.962236,15.255539,37.281251,15.481128,73.355687,37.893683,38.713737,7.001584,32.432672,0.000000,48.441175,124.960703
49,35.257766,35.613848,37.472987,50.636592,37.673115,29.974961,46.543150,45.951747,41.307596,48.093564,38.474465,44.394244,9.366249,22.095497,14.276159,64.982388,33.056293,48.471583,49.121566,36.222230,35.751565,15.884432,8.282695,20.440011,26.504578,30.200549,29.524180,18.864536,35.745290,22.333116,31.234355,16.148821,42.584845,42.769621,36.525527,35.384276,36.185594,35.774761,21.336834,34.412518,34.323823,37.411593,77.792297,11.824962,9.783163,47.642251,26.249849,48.441175,0.000000,112.803907
50,117.774891,119.184018,121.845669,133.071723,120.878063,119.350544,128.900842,125.750883,133.929275,65.336873,135.630107,122.894813,111.449455,115.762356,106.482717,153.484553,128.066282,118.031326,76.314317,122.425897,123.042436,122.477877,112.503240,126.864004,130.884238,138.366912,137.865660,125.772198,126.663945,111.653479,82.794140,124.637113,130.526066,127.708757,124.803325,123.612112,116.745738,145.751657,124.781316,124.203352,141.704836,129.090431,187.587201,118.531199,112.781898,130.668010,131.699892,124.960703,112.803907,0.000000
